<?xml version="1.0" encoding="utf-8"?>
<project name="ant-ivr-publish-jars" default="publish" xmlns:ivy="antlib:org.apache.ivy.ant">
    <property file="ant-default-setting.properties"/>
	<property file="ivysettings.properties"/>
	<property file="ant-ivr-publish-jars.properties"/>
    <target name="publish" description="--> publish this project in the ivy repository">
        <ivy:resolve />
        <ivy:publish resolver="${resolver}" pubrevision="${revision}" status="release" update="true" overwrite="true">  
            <artifacts pattern="[artifact].[ext]" />  
        </ivy:publish>
    </target>
    <target name="install" description="--> install in the ivy repository">
        <ivy:resolve />
    	<ivy:install 
    		organisation="${organisation}" 
    		module="${module}" 
    		revision="${revision}" 
    		from="${from}" 
    		to="${to}" 
    		transitive="true"
    		overwrite="true"
    	/>
    </target>
</project>
